Metric,Value
MAE,1132334.6735268454
RMSE,1506361.7647826409
MAPE,37.97815823267724
R2,0.09133352027960762
Prediction_Mean,2883793.76605919
Actual_Mean,3249795.418503649
Difference_%,-11.262298246853414
